person,gain,tracking_mse,accuracy,rate_error,entropy,spectral_entropy,saturation_fraction,control_energy,washout_mse,weight_change,washout_weight_change,cap_events
0,0.9,2.907871054665915,0.47833333333333333,0.0002943179391690563,0.977525146794154,0.5368587622135685,0.0,0.0,2.1317187261007455,0.0,0.0,0
0,1.05,1.5687092592689205,0.4776666666666667,0.000250521177159436,0.9725903303308676,0.5430625874810426,0.0,0.0,1.1153163685516332,0.0,0.0,0
0,1.2,1.0111464335085274,0.6176666666666667,0.0002787714435937697,0.9630982658698314,0.5481234843981576,0.0,0.0,0.7902508552745807,0.0,0.0,0
0,1.35,0.8283110068970171,0.7946666666666666,0.0003532622306174808,0.952094705071308,0.5509134192284594,0.0,0.0,0.8127676826123412,0.0,0.0,0
0,1.5,1.087832280336921,0.6456666666666667,0.00047785362267966774,0.9393663828323846,0.5508163401309117,0.0,0.0,1.2799778264318327,0.0,0.0,0
0,1.65,2.3627139837512545,0.5416666666666666,0.00067900722099619,0.9230512409971096,0.5480379950004332,0.0,0.0,2.7543585549864336,0.0,0.0,0
0,1.7999999999999998,6.209403107113896,0.5173333333333333,0.0010207222450279406,0.8938822868187576,0.543665620375195,0.018625,0.0,6.718714136508724,0.0,0.0,0
0,1.9500000000000002,15.916781391905602,0.5216666666666666,0.0016282178704781032,0.8674762011168496,0.5422303962467364,0.11491666666666667,0.0,16.446499568796863,0.0,0.0,0
0,2.1,34.97210807114027,0.5216666666666666,0.0026657323161708058,0.8660378307918963,0.5539658862658445,0.11664583333333334,0.0,36.04809096627345,0.0,0.0,0
0,2.25,59.382953287389284,0.5216666666666666,0.004010892869947143,0.865721420805838,0.5721551954800794,0.11879166666666667,0.0,61.82068908099309,0.0,0.0,0
0,2.4,81.51203434946684,0.5216666666666666,0.00529006654308823,0.8703973782809894,0.5678585565682952,0.12747916666666667,0.0,85.1433030864645,0.0,0.0,0
1,0.9,62.11352035935623,0.47833333333333333,0.0007627157528412469,0.9814881063519072,0.5261888100783677,0.0,0.0,58.59264847332268,0.0,0.0,0
1,1.05,35.87598290393164,0.47833333333333333,0.000477999169228758,0.9786740778197004,0.5269782949303954,0.0,0.0,33.39282551384126,0.0,0.0,0
1,1.2,17.90243185227843,0.47833333333333333,0.00032011377560867593,0.9769047828681402,0.5262641289447417,0.0,0.0,16.340012553422085,0.0,0.0,0
1,1.35,5.434775509380391,0.47833333333333333,0.0002476011301485286,0.9725428604167448,0.5237172361464718,0.0,0.0,4.734828405475086,0.0,0.0,0
1,1.5,0.5461694971891479,0.8486666666666667,0.0002719425782826181,0.9659970073784508,0.5194639916161286,0.00020833333333333335,0.0,0.6218375731733887,0.0,0.0,0
1,1.65,8.499214853837609,0.5216666666666666,0.00043265233852902524,0.9584582588629392,0.5143110965444263,0.10997916666666667,0.0,9.256749615746598,0.0,0.0,0
1,1.7999999999999998,32.988398071954855,0.5216666666666666,0.0007527780531825161,0.9549241640641846,0.5092740719543977,0.11716666666666667,0.0,34.50385588789834,0.0,0.0,0
1,1.9500000000000002,70.11018191538223,0.5216666666666666,0.0011880948802681012,0.9484310394658704,0.5047809405062716,0.11833333333333333,0.0,72.64966647854057,0.0,0.0,0
1,2.1,110.83580828754468,0.5216666666666666,0.0016560823436097016,0.9418854752231591,0.5004189713840868,0.1538125,0.0,114.58113831046504,0.0,0.0,0
1,2.25,148.27133992134566,0.5216666666666666,0.0021064902748293866,0.9444948083249478,0.49376366851861647,0.769125,0.0,153.22859218557366,0.0,0.0,0
1,2.4,179.63010430285024,0.5216666666666666,0.0025348269631803233,0.9550282958365587,0.4845014210693905,0.8722916666666667,0.0,185.71686247649978,0.0,0.0,0
2,0.9,20.722415776114847,0.47833333333333333,0.0003919232724142656,0.9827314332533862,0.5298204425227685,0.0,0.0,18.378558171926628,0.0,0.0,0
2,1.05,10.872161614129181,0.47833333333333333,0.0002534251884345578,0.980253098743362,0.5316450117704133,0.0,0.0,9.274814614720242,0.0,0.0,0
2,1.2,4.867556919756024,0.47833333333333333,0.00021083936957324846,0.9759352886912346,0.5321189416293632,0.0,0.0,3.9207002227687457,0.0,0.0,0
2,1.35,1.3033726213170507,0.529,0.00023598415658771766,0.9724131631054348,0.530690299784936,0.0,0.0,1.0042829475897042,0.0,0.0,0
2,1.5,1.1319956864106133,0.5943333333333334,0.00034346927366629357,0.9659262120079759,0.5271601390788506,0.0,0.0,1.5033808841996266,0.0,0.0,0
2,1.65,7.566669722670655,0.5216666666666666,0.000579908285785561,0.9596785118560263,0.5221091592154581,0.02420833333333333,0.0,8.608864510068035,0.0,0.0,0
2,1.7999999999999998,24.959626062888855,0.5216666666666666,0.001001481486056074,0.9517374429330233,0.516952022840938,0.11602083333333334,0.0,26.705282043325344,0.0,0.0,0
2,1.9500000000000002,54.05595679560498,0.5216666666666666,0.0016024386431976226,0.9381882327201464,0.5128081848205294,0.1175625,0.0,56.70270807316258,0.0,0.0,0
2,2.1,88.90881857361819,0.5216666666666666,0.0022774098107733415,0.9303815974060152,0.5096795413470908,0.11847916666666666,0.0,92.65137776091959,0.0,0.0,0
2,2.25,122.41199088467623,0.5216666666666666,0.0029156571905479983,0.9196064656217021,0.5083787708835681,0.18579166666666666,0.0,127.22176916692084,0.0,0.0,0
2,2.4,151.05438437362756,0.5216666666666666,0.003480413187037972,0.9028913998480577,0.5103080523541683,0.7600416666666666,0.0,156.78663011910527,0.0,0.0,0
3,0.9,114.59503330303004,0.47833333333333333,0.0012665221141034944,0.9827340554593754,0.5282140957805217,0.0,0.0,108.82924372554423,0.0,0.0,0
3,1.05,78.48702301086483,0.47833333333333333,0.0008739788016035218,0.982100213582232,0.5282759586239281,0.0,0.0,73.85670742676331,0.0,0.0,0
3,1.2,51.48389083449506,0.47833333333333333,0.0006099946561919555,0.9789748926085585,0.526948725706313,0.0,0.0,47.90455350432733,0.0,0.0,0
3,1.35,28.701692628725908,0.47833333333333333,0.00041400744748972337,0.9769259942031266,0.5239714786822803,0.0,0.0,26.208864407455046,0.0,0.0,0
3,1.5,10.351208383020268,0.47833333333333333,0.0002816679459784065,0.9736923647875633,0.5194062075142081,0.0,0.0,9.000080008547666,0.0,0.0,0
3,1.65,0.8239617796197602,0.7566666666666667,0.00024641612343632356,0.9696998376880689,0.5137884903372626,0.06752083333333334,0.0,0.6133046918911848,0.0,0.0,0
3,1.7999999999999998,6.059010791476934,0.5216666666666666,0.00035311750773561415,0.9673837364667631,0.5079172050962654,0.11691666666666667,0.0,6.960708510430561,0.0,0.0,0
3,1.9500000000000002,27.16771614914407,0.5216666666666666,0.0006042656542413386,0.9647134941255457,0.5021954134139889,0.11820833333333333,0.0,29.223259069254027,0.0,0.0,0
3,2.1,57.89038960291342,0.5216666666666666,0.0009418488785486367,0.9640886791634837,0.4963289520234666,0.11920833333333333,0.0,61.13840141108842,0.0,0.0,0
3,2.25,90.3881262539354,0.5216666666666666,0.0013020534450362523,0.9677540887929261,0.4898209570843447,0.35575,0.0,94.76021158808621,0.0,0.0,0
3,2.4,119.91772894159595,0.5216666666666666,0.0016574771877700372,0.9680948621489143,0.4838502836272119,0.8612083333333334,0.0,125.27594467543531,0.0,0.0,0
4,0.9,123.95606074991343,0.47833333333333333,0.0012286278194048334,0.9830699490289468,0.5281942287090134,0.0,0.0,118.6960862806339,0.0,0.0,0
4,1.05,82.20348204355159,0.47833333333333333,0.0008416373502961632,0.9812456528837961,0.5292656764694942,0.0,0.0,78.1263048873981,0.0,0.0,0
4,1.2,51.458531549269665,0.47833333333333333,0.0005866701679959272,0.9768936476421177,0.5290254126985695,0.0,0.0,48.454522953840105,0.0,0.0,0
4,1.35,26.477228661189773,0.47833333333333333,0.0004049082362715068,0.9736850867808218,0.5271671466593159,0.0,0.0,24.528586472622813,0.0,0.0,0
4,1.5,7.873636135723614,0.47833333333333333,0.00029245927847792086,0.9685274879335706,0.5237443926451442,0.0,0.0,6.956466861522353,0.0,0.0,0
4,1.65,0.5772169034306581,0.8183333333333334,0.00027910237402199294,0.9620044719907762,0.5193103714958588,0.0638125,0.0,0.6208825678105262,0.0,0.0,0
4,1.7999999999999998,10.286193255652385,0.5216666666666666,0.0004003104413284298,0.9558250066348383,0.5146258830278381,0.11666666666666667,0.0,11.25526733687034,0.0,0.0,0
4,1.9500000000000002,36.976393145740595,0.5216666666666666,0.000650760791831894,0.9490772620948449,0.5102355912780422,0.11797916666666666,0.0,38.96414421597935,0.0,0.0,0
4,2.1,73.39586135684922,0.5216666666666666,0.000973835074775291,0.9397284735774635,0.5067727034308545,0.119375,0.0,76.51494520065786,0.0,0.0,0
4,2.25,111.20215449744447,0.5216666666666666,0.001310148210796156,0.9315877176608415,0.5055990322707354,0.3808958333333333,0.0,115.44700097842308,0.0,0.0,0
4,2.4,145.40402718947783,0.5216666666666666,0.001635828684737316,0.9172421287570001,0.5051410200787886,0.8635,0.0,150.7003152861374,0.0,0.0,0
5,0.9,13.82891382287149,0.47833333333333333,0.0003864699364006549,0.9820140493649093,0.5306615785354433,0.0,0.0,12.020089325789163,0.0,0.0,0
5,1.05,5.99815330697477,0.47833333333333333,0.0002612327212712811,0.9789237780873556,0.533182297858736,0.0,0.0,4.887674681697991,0.0,0.0,0
5,1.2,2.0917258487140677,0.47833333333333333,0.00022692112324674977,0.9763026042757506,0.5343959896393424,0.0,0.0,1.5504071873274745,0.0,0.0,0
5,1.35,0.7496093522288579,0.7766666666666666,0.00025183831977573573,0.9731232164850305,0.533791522463486,0.0,0.0,0.736387650207526,0.0,0.0,0
5,1.5,2.8294745295009336,0.515,0.00034222362877338476,0.964184606143164,0.5311848397853647,0.0,0.0,3.325518443939436,0.0,0.0,0
5,1.65,11.340796370962916,0.5216666666666666,0.0005326591131261598,0.9605936492235063,0.5270074555756304,0.0005416666666666666,0.0,12.29464754903317,0.0,0.0,0
5,1.7999999999999998,31.27245386233542,0.5216666666666666,0.0008813703903385216,0.9504698264778682,0.5223698819647989,0.10110416666666666,0.0,32.61807672757647,0.0,0.0,0
5,1.9500000000000002,66.30206403810479,0.5216666666666666,0.001430352420000568,0.9377588688804269,0.5186238185573117,0.116375,0.0,68.17140236740065,0.0,0.0,0
5,2.1,112.66586622695158,0.5216666666666666,0.0021300029654710445,0.9318245834357799,0.5161944281429469,0.11754166666666667,0.0,115.48008740083033,0.0,0.0,0
5,2.25,160.8060133152705,0.5216666666666666,0.0028567208276175362,0.9175034410173473,0.5151334463223013,0.11858333333333333,0.0,164.86593012271535,0.0,0.0,0
5,2.4,203.76207573171223,0.5216666666666666,0.0035191817146351632,0.8948421463807026,0.5175145197260302,0.2455,0.0,209.02482036804915,0.0,0.0,0
6,0.9,2.650936973215807,0.47833333333333333,0.000335276418928196,0.9767954513481353,0.5404709312034395,0.0,0.0,2.0108052642938317,0.0,0.0,0
6,1.05,1.9175307178737349,0.47833333333333333,0.0002966853864619476,0.9705705984672636,0.548084517664246,0.0,0.0,1.432931625844698,0.0,0.0,0
6,1.2,1.502609241507892,0.47833333333333333,0.0003241304189633013,0.9599945009055123,0.5547578853005335,0.0,0.0,1.1289141988274247,0.0,0.0,0
6,1.35,1.2021084264352135,0.5176666666666667,0.00038878436485853134,0.9500538529101373,0.5593918952812438,0.0,0.0,0.9248724938929569,0.0,0.0,0
6,1.5,0.951793717383414,0.664,0.0004844988215584033,0.9302413765900635,0.5615230743669497,0.0,0.0,0.77201090744293,0.0,0.0,0
6,1.65,0.7856218689293158,0.7856666666666666,0.0006150326922789706,0.9084895813166309,0.5614112549856902,0.0,0.0,0.7059685526982347,0.0,0.0,0
6,1.7999999999999998,0.877891013090962,0.705,0.0007985440868369006,0.8869626431206766,0.5599922938175025,0.0025416666666666665,0.0,0.8842996452280305,0.0,0.0,0
6,1.9500000000000002,1.6883351066379557,0.571,0.0010848354127907529,0.862439570831136,0.559349687105286,0.043770833333333335,0.0,1.7209680092232786,0.0,0.0,0
6,2.1,4.247392399399699,0.525,0.0016122823912228406,0.8508220114307463,0.5575767267160655,0.11595833333333333,0.0,4.256131264809091,0.0,0.0,0
6,2.25,9.764988318526454,0.5216666666666666,0.0026409617726886455,0.8529155691004494,0.5610347067748034,0.116625,0.0,9.908128239188013,0.0,0.0,0
6,2.4,16.32144573917509,0.5216666666666666,0.004289584525986053,0.8585557329808581,0.5829067669936219,0.11885416666666666,0.0,17.200529964527238,0.0,0.0,0
7,0.9,87.21653800325853,0.47833333333333333,0.0008219534990037863,0.9842378202621774,0.5251614479475226,0.0,0.0,83.16978586688141,0.0,0.0,0
7,1.05,47.403736472635494,0.47833333333333333,0.0004963839014895271,0.9819246711654839,0.5246184240132349,0.0,0.0,44.629556406727545,0.0,0.0,0
7,1.2,21.082456166433126,0.47833333333333333,0.0003045243282495945,0.9813496919262098,0.5225835910015443,0.0,0.0,19.42253813675026,0.0,0.0,0
7,1.35,4.593129689186195,0.47833333333333333,0.0002050630487040731,0.9744177386417846,0.5189134478457701,0.0,0.0,3.9537363697709056,0.0,0.0,0
7,1.5,1.5083837553342185,0.5626666666666666,0.00021231954184046874,0.973084724820648,0.5138340895097221,0.0030416666666666665,0.0,1.78243005474784,0.0,0.0,0
7,1.65,19.117439695283483,0.5216666666666666,0.0003656621063488312,0.9733263312136288,0.5080011072497509,0.11604166666666667,0.0,20.258111692999513,0.0,0.0,0
7,1.7999999999999998,60.15725308793032,0.5216666666666666,0.0006786113100757247,0.9713768183633621,0.5020676264407917,0.11804166666666667,0.0,62.35177759978667,0.0,0.0,0
7,1.9500000000000002,116.10917058472879,0.5216666666666666,0.0011003332831464492,0.9697615132126788,0.49613466808122564,0.1191875,0.0,119.66767968929912,0.0,0.0,0
7,2.1,173.92315997470317,0.5216666666666666,0.0015576280752293166,0.9721225690307375,0.4901717218550076,0.257375,0.0,178.9883334899892,0.0,0.0,0
7,2.25,225.23201044926543,0.5216666666666666,0.0020122447754765444,0.9755716214936127,0.4855298535650493,0.8607291666666667,0.0,231.73615240475343,0.0,0.0,0
7,2.4,267.2832967775138,0.5216666666666666,0.0024668754170510255,0.9736515274966273,0.48569706876906615,0.8741875,0.0,275.0424785467038,0.0,0.0,0
