person,rep,original,surrogate
0,0,0.971210104707177,0.8537101976344519
0,1,0.971210104707177,0.8578385139192014
0,2,0.971210104707177,0.8446393611232197
0,3,0.971210104707177,0.8465005664590645
0,4,0.971210104707177,0.8542304224060147
0,5,0.971210104707177,0.8409029098419534
0,6,0.971210104707177,0.8366629231614918
0,7,0.971210104707177,0.8542209448093661
0,8,0.971210104707177,0.847002614075741
0,9,0.971210104707177,0.8410092022319854
0,10,0.971210104707177,0.8431545348149545
0,11,0.971210104707177,0.8566909654373414
0,12,0.971210104707177,0.85235566444803
0,13,0.971210104707177,0.846298055049189
0,14,0.971210104707177,0.8446782356686134
0,15,0.971210104707177,0.847390429856766
0,16,0.971210104707177,0.837094460895413
0,17,0.971210104707177,0.8595994523925572
0,18,0.971210104707177,0.8547389923548198
0,19,0.971210104707177,0.8523405543537583
0,20,0.971210104707177,0.8411284098903941
0,21,0.971210104707177,0.8469289059286744
0,22,0.971210104707177,0.8481779931260164
0,23,0.971210104707177,0.8564552102400534
0,24,0.971210104707177,0.8505592514495133
0,25,0.971210104707177,0.8470634983543464
0,26,0.971210104707177,0.8338447316960257
0,27,0.971210104707177,0.8433181188401152
0,28,0.971210104707177,0.8525357755288677
0,29,0.971210104707177,0.8516419073621414
0,30,0.971210104707177,0.8574279818442598
0,31,0.971210104707177,0.8490401311470581
0,32,0.971210104707177,0.8452242626463625
0,33,0.971210104707177,0.8624958114870092
0,34,0.971210104707177,0.8556323201577858
0,35,0.971210104707177,0.8493399928314471
0,36,0.971210104707177,0.8548509362082171
0,37,0.971210104707177,0.8503787374968751
0,38,0.971210104707177,0.8417422303579374
0,39,0.971210104707177,0.852058124828172
1,0,0.9838420907817021,0.8826817898016199
1,1,0.9838420907817021,0.8808775577326564
1,2,0.9838420907817021,0.878958030611465
1,3,0.9838420907817021,0.8672703250181474
1,4,0.9838420907817021,0.8739231455552433
1,5,0.9838420907817021,0.8650651371530833
1,6,0.9838420907817021,0.8779261485868693
1,7,0.9838420907817021,0.8754562630915099
1,8,0.9838420907817021,0.880428861819948
1,9,0.9838420907817021,0.8710414932316841
1,10,0.9838420907817021,0.8627090793376139
1,11,0.9838420907817021,0.8793474865891661
1,12,0.9838420907817021,0.865977784056315
1,13,0.9838420907817021,0.876684442219575
1,14,0.9838420907817021,0.8738509535699474
1,15,0.9838420907817021,0.8691764547574067
1,16,0.9838420907817021,0.8640194942878827
1,17,0.9838420907817021,0.8726671349822374
1,18,0.9838420907817021,0.866940146571325
1,19,0.9838420907817021,0.8703198236018774
1,20,0.9838420907817021,0.8773032945304176
1,21,0.9838420907817021,0.8634285466065763
1,22,0.9838420907817021,0.8753986302472563
1,23,0.9838420907817021,0.8754337460177108
1,24,0.9838420907817021,0.8731856467915238
1,25,0.9838420907817021,0.8718029092607296
1,26,0.9838420907817021,0.8682574100314475
1,27,0.9838420907817021,0.8836691479474943
1,28,0.9838420907817021,0.8675052093023514
1,29,0.9838420907817021,0.8687698701034245
1,30,0.9838420907817021,0.8636447750875991
1,31,0.9838420907817021,0.8748150936631935
1,32,0.9838420907817021,0.883945738701499
1,33,0.9838420907817021,0.8741193876343251
1,34,0.9838420907817021,0.8678112356505737
1,35,0.9838420907817021,0.8880030096235538
1,36,0.9838420907817021,0.8779660632719016
1,37,0.9838420907817021,0.8744352355998305
1,38,0.9838420907817021,0.8781839706748303
1,39,0.9838420907817021,0.8733006060090565
2,0,0.97781161505987,0.8670996658351107
2,1,0.97781161505987,0.867140138718067
2,2,0.97781161505987,0.8564923759265279
2,3,0.97781161505987,0.8678172014872626
2,4,0.97781161505987,0.8632799279096072
2,5,0.97781161505987,0.8691929074897566
2,6,0.97781161505987,0.8653743957239988
2,7,0.97781161505987,0.872130574320225
2,8,0.97781161505987,0.8691611198515483
2,9,0.97781161505987,0.8638080683798675
2,10,0.97781161505987,0.8727667894484858
2,11,0.97781161505987,0.8747314441587436
2,12,0.97781161505987,0.8685547716149266
2,13,0.97781161505987,0.8682666639132245
2,14,0.97781161505987,0.8658303099766913
2,15,0.97781161505987,0.8634123324441528
2,16,0.97781161505987,0.8667245004316931
2,17,0.97781161505987,0.8706434684104138
2,18,0.97781161505987,0.8631776530085027
2,19,0.97781161505987,0.8661599874297179
2,20,0.97781161505987,0.8727814217830605
2,21,0.97781161505987,0.8818294672310563
2,22,0.97781161505987,0.8714623398395767
2,23,0.97781161505987,0.8637848337894117
2,24,0.97781161505987,0.8789978469200505
2,25,0.97781161505987,0.863230637343735
2,26,0.97781161505987,0.8668413356966325
2,27,0.97781161505987,0.8613982431167609
2,28,0.97781161505987,0.8739028066986009
2,29,0.97781161505987,0.8718228660734774
2,30,0.97781161505987,0.8707144312728965
2,31,0.97781161505987,0.8673071908620329
2,32,0.97781161505987,0.8796573466169251
2,33,0.97781161505987,0.8670367632576753
2,34,0.97781161505987,0.8620878482696935
2,35,0.97781161505987,0.869286914328937
2,36,0.97781161505987,0.868749072430286
2,37,0.97781161505987,0.8636534710478012
2,38,0.97781161505987,0.8592230345636271
2,39,0.97781161505987,0.8738326856749505
3,0,0.9773574772888963,0.8608017946072894
3,1,0.9773574772888963,0.850119178014206
3,2,0.9773574772888963,0.8593491571102146
3,3,0.9773574772888963,0.8586722600879841
3,4,0.9773574772888963,0.8557261926216789
3,5,0.9773574772888963,0.8472578228477288
3,6,0.9773574772888963,0.8660667480583747
3,7,0.9773574772888963,0.8628225494536498
3,8,0.9773574772888963,0.8615802075653484
3,9,0.9773574772888963,0.853516491572365
3,10,0.9773574772888963,0.8610117318671466
3,11,0.9773574772888963,0.8685040834089224
3,12,0.9773574772888963,0.8545260822712218
3,13,0.9773574772888963,0.8574875563224458
3,14,0.9773574772888963,0.8579659189447659
3,15,0.9773574772888963,0.8653861535305482
3,16,0.9773574772888963,0.8513653495336739
3,17,0.9773574772888963,0.8533523790793357
3,18,0.9773574772888963,0.8621105289949738
3,19,0.9773574772888963,0.8653244557786848
3,20,0.9773574772888963,0.8570190621844829
3,21,0.9773574772888963,0.8605459098160925
3,22,0.9773574772888963,0.8626894453446158
3,23,0.9773574772888963,0.8593936325035273
3,24,0.9773574772888963,0.8599828976072117
3,25,0.9773574772888963,0.8497573989232161
3,26,0.9773574772888963,0.860828520292532
3,27,0.9773574772888963,0.8552012247674651
3,28,0.9773574772888963,0.863109586637437
3,29,0.9773574772888963,0.8592722942833979
3,30,0.9773574772888963,0.8624032093603805
3,31,0.9773574772888963,0.8519095582759935
3,32,0.9773574772888963,0.8592314327239541
3,33,0.9773574772888963,0.8605583309968641
3,34,0.9773574772888963,0.8646978570051164
3,35,0.9773574772888963,0.8608672469376988
3,36,0.9773574772888963,0.8526172667340784
3,37,0.9773574772888963,0.8531935039242857
3,38,0.9773574772888963,0.8573082010380217
3,39,0.9773574772888963,0.8501192542436121
4,0,0.9800967539263022,0.8746334919897675
4,1,0.9800967539263022,0.8754496608454182
4,2,0.9800967539263022,0.8736161657565586
4,3,0.9800967539263022,0.8891133041403846
4,4,0.9800967539263022,0.8710938351252211
4,5,0.9800967539263022,0.8849881733980142
4,6,0.9800967539263022,0.8824166470378403
4,7,0.9800967539263022,0.8689052097535901
4,8,0.9800967539263022,0.892394686877962
4,9,0.9800967539263022,0.8754310360341838
4,10,0.9800967539263022,0.8724098801968846
4,11,0.9800967539263022,0.8829602745977781
4,12,0.9800967539263022,0.8864589758737773
4,13,0.9800967539263022,0.8790509465118391
4,14,0.9800967539263022,0.8753690243763939
4,15,0.9800967539263022,0.8774042649889294
4,16,0.9800967539263022,0.8821899560883988
4,17,0.9800967539263022,0.8759470727442725
4,18,0.9800967539263022,0.8768678355744889
4,19,0.9800967539263022,0.8796236218325831
4,20,0.9800967539263022,0.882605217474799
4,21,0.9800967539263022,0.882417105179977
4,22,0.9800967539263022,0.868729297196076
4,23,0.9800967539263022,0.8836152164508396
4,24,0.9800967539263022,0.8788473160680776
4,25,0.9800967539263022,0.8876839526992898
4,26,0.9800967539263022,0.8741295049679058
4,27,0.9800967539263022,0.8751389005587182
4,28,0.9800967539263022,0.880090853115503
4,29,0.9800967539263022,0.8892120595161176
4,30,0.9800967539263022,0.8809629732766614
4,31,0.9800967539263022,0.8840858150538015
4,32,0.9800967539263022,0.8755808179370939
4,33,0.9800967539263022,0.8703764897634907
4,34,0.9800967539263022,0.8715912152692701
4,35,0.9800967539263022,0.8803233015157189
4,36,0.9800967539263022,0.8885177304188986
4,37,0.9800967539263022,0.8835314222631805
4,38,0.9800967539263022,0.8734635205092739
4,39,0.9800967539263022,0.8814973437046685
5,0,0.984671867767218,0.8836579086540218
5,1,0.984671867767218,0.8791764834750555
5,2,0.984671867767218,0.8838925348693585
5,3,0.984671867767218,0.8818893668014762
5,4,0.984671867767218,0.8775929860473614
5,5,0.984671867767218,0.8689028067487675
5,6,0.984671867767218,0.8759403698942276
5,7,0.984671867767218,0.8797652008805359
5,8,0.984671867767218,0.878281033030253
5,9,0.984671867767218,0.8799601304846724
5,10,0.984671867767218,0.8739029641534464
5,11,0.984671867767218,0.865045379900561
5,12,0.984671867767218,0.8759863190159649
5,13,0.984671867767218,0.8778304157822991
5,14,0.984671867767218,0.8845588293651495
5,15,0.984671867767218,0.8692008581006307
5,16,0.984671867767218,0.8698277758078035
5,17,0.984671867767218,0.8749071487308021
5,18,0.984671867767218,0.8782205438448945
5,19,0.984671867767218,0.8697758359719762
5,20,0.984671867767218,0.8806247824642008
5,21,0.984671867767218,0.8732257190136159
5,22,0.984671867767218,0.8778248129574736
5,23,0.984671867767218,0.8762393384209749
5,24,0.984671867767218,0.8844104264382514
5,25,0.984671867767218,0.8758677606016579
5,26,0.984671867767218,0.875977564659805
5,27,0.984671867767218,0.868089560863264
5,28,0.984671867767218,0.8879987367148392
5,29,0.984671867767218,0.8833422248481695
5,30,0.984671867767218,0.8865234755076994
5,31,0.984671867767218,0.8667025651972289
5,32,0.984671867767218,0.888297867350059
5,33,0.984671867767218,0.879652425974712
5,34,0.984671867767218,0.8718957294184694
5,35,0.984671867767218,0.8744037155700751
5,36,0.984671867767218,0.8828919138724873
5,37,0.984671867767218,0.892936025951759
5,38,0.984671867767218,0.8764365604896789
5,39,0.984671867767218,0.8886644472767184
6,0,0.9401054619910526,0.8263674566486762
6,1,0.9401054619910526,0.8273761570645157
6,2,0.9401054619910526,0.8181215741775207
6,3,0.9401054619910526,0.82931516223496
6,4,0.9401054619910526,0.8159909945913081
6,5,0.9401054619910526,0.8253881591202631
6,6,0.9401054619910526,0.8213189387895841
6,7,0.9401054619910526,0.8311173814156075
6,8,0.9401054619910526,0.8297550065186718
6,9,0.9401054619910526,0.8370908983882779
6,10,0.9401054619910526,0.8302521943280732
6,11,0.9401054619910526,0.8350046410149835
6,12,0.9401054619910526,0.8377274631142044
6,13,0.9401054619910526,0.8414105027811244
6,14,0.9401054619910526,0.8273135783275447
6,15,0.9401054619910526,0.8201695861188978
6,16,0.9401054619910526,0.8277363457834804
6,17,0.9401054619910526,0.8357306569737327
6,18,0.9401054619910526,0.8257815049793956
6,19,0.9401054619910526,0.8310076169766066
6,20,0.9401054619910526,0.819887673841029
6,21,0.9401054619910526,0.8273678314979231
6,22,0.9401054619910526,0.8285640568044551
6,23,0.9401054619910526,0.8317802289063692
6,24,0.9401054619910526,0.8212560565330117
6,25,0.9401054619910526,0.8081289814621142
6,26,0.9401054619910526,0.8420326087213087
6,27,0.9401054619910526,0.8173397649067399
6,28,0.9401054619910526,0.8274132473690018
6,29,0.9401054619910526,0.8223785432245475
6,30,0.9401054619910526,0.8307347541548024
6,31,0.9401054619910526,0.8319421270552483
6,32,0.9401054619910526,0.8208721759723031
6,33,0.9401054619910526,0.8203198373163124
6,34,0.9401054619910526,0.8318450562662012
6,35,0.9401054619910526,0.8316799260860384
6,36,0.9401054619910526,0.8267430421992216
6,37,0.9401054619910526,0.8359513749773351
6,38,0.9401054619910526,0.827037684281524
6,39,0.9401054619910526,0.8350387644027497
7,0,0.9858837650452685,0.8753791570651631
7,1,0.9858837650452685,0.8816105980645236
7,2,0.9858837650452685,0.8825559823145178
7,3,0.9858837650452685,0.8851641841257789
7,4,0.9858837650452685,0.8805235798649216
7,5,0.9858837650452685,0.8932611123852595
7,6,0.9858837650452685,0.8713939088967105
7,7,0.9858837650452685,0.8743540846987684
7,8,0.9858837650452685,0.87998920433229
7,9,0.9858837650452685,0.8766839373878607
7,10,0.9858837650452685,0.8843182463692089
7,11,0.9858837650452685,0.8893933826409647
7,12,0.9858837650452685,0.8728413579521173
7,13,0.9858837650452685,0.8757173504050462
7,14,0.9858837650452685,0.887570932948643
7,15,0.9858837650452685,0.8854025683455194
7,16,0.9858837650452685,0.884549152391251
7,17,0.9858837650452685,0.8823019985589318
7,18,0.9858837650452685,0.8804957277377927
7,19,0.9858837650452685,0.8837068060298804
7,20,0.9858837650452685,0.8834259054356954
7,21,0.9858837650452685,0.8806674684065631
7,22,0.9858837650452685,0.8807265654538804
7,23,0.9858837650452685,0.8759407024035096
7,24,0.9858837650452685,0.8866571987153866
7,25,0.9858837650452685,0.8804582737108013
7,26,0.9858837650452685,0.8780926635287188
7,27,0.9858837650452685,0.8813292221598291
7,28,0.9858837650452685,0.8767864912146631
7,29,0.9858837650452685,0.893778245319677
7,30,0.9858837650452685,0.880941547607804
7,31,0.9858837650452685,0.8873078638235974
7,32,0.9858837650452685,0.8862141481937882
7,33,0.9858837650452685,0.8872229178052582
7,34,0.9858837650452685,0.8818861959181651
7,35,0.9858837650452685,0.8818470825956473
7,36,0.9858837650452685,0.8850201740950832
7,37,0.9858837650452685,0.8852244940780745
7,38,0.9858837650452685,0.8838837317875804
7,39,0.9858837650452685,0.8821318601780527
